Antiques,Arpin,Susan,Antique Quilts & Linens,,,,,,,,,
Antiques,Bergen,Rosa,Rosa Bergen Antiques,,,,,,,,,
Antiques,Brierley,Teddy,,,,,,,,,,
Antiques,Brown,Life,Desperate Housewares,http://desperatehousewaresatl.com/,,,,,,,,
Antiques,Byers,Linda,Everything Vintage,,,,,,,,,
Antiques,Davenport,Donna,What's It Worth,,,,,,,,,
Antiques,Johnson,Mary B,,,,,,,,,,
Antiques,McGuire,Rick,McGuire Collectibles,,,,,,,,,
Antiques,Nedelsky,Andrea,Drea Firewalker,,,,,,,,,
Antiques,Stansbury,Kimberly,,,,,,,,,,
Antiques,Williams,Leroy,Global Art & Antiques,,,,,,,,,
Antiques,Zahn,Nancy,,,,,,,,,,
Clothing,Alarcon,Tosi,Vintage by Tosi,,,,,,,,,
Clothing,Barcarse,Bhea,Be Craft Happy,www.becrafthappy.etsy.com,,,,,,,,
Clothing,Boesch,Lisa,ellembee,www.ellembee.etsy.com,,,,,,,,
Clothing,Broughton,David,Shirts Y'all,www.etsy.com/shop/shirtsyall,,,,,,,,
Clothing,Cullen,Emory,Wandering Line,www.thewanderingline.com,,,,,,,,
Clothing,Dave,Meghna,Maelu,www.maeludesigns.com,,,,,,,,
Clothing,Echeverri,Leanna,Grateful Threads,www.etsy.com/shop/Gratefulthreads,,,,,,,,
Clothing,Farrar,Julie,Princess and Butch,www.princessandbutch.com,,,,,,,,
Clothing,Gossage,Lyn,Dream Weavers,,,,,,,,,
Clothing,Helfen,Brooke,Hun and Bun,www.hunandbun.com,,,,,,,,
Clothing,Henriquez,Dolores,Couture Recycle,www.couturecycle.com,,,,,,,,
Clothing,Hobbs,Caroline,Painted Oyster,www.paintedoyster.com,,,,,,,,
Clothing,Holmberg,Steven,Tyedyeclothing.com,www.tiedyeclothing.com,,,,,,,,
Clothing,Hulebak,Sydney,Lion's Thread,http://www.lionsthread.com/,,,,,,,,
Clothing,Humphrey,Jennifer,The Little Nest,www.the-little-nest.com,,,,,,,,
Clothing,Hunter,Lumen,Lumen Collection,www.lumenscollection.com,,,,,,,,
Clothing,Ikeda,Page,Modern Basics,,,,,,,,,
Clothing,Mariette,Sophie,Freak N Chic,,,,,,,,,
Clothing,McLaughlin,George & Sawai,S and G Designs,http://sandgtshirtdesigns.com/,,,,,,,,
Clothing,Mosley,Nick,Buckhead Thread Co.,www.buckheadthread.com,,,,,,,,
Clothing,Paul,John,Fuzzy Ink,www.fuzzy-ink.com,,,,,,,,
Clothing,Richardson,John W,As They Sew in France,www.astheysewinfrance.com,,,,,,,,
Clothing,Sanderson,Karen,Diamondback Group,www.diamondbackhats.com,,,,,,,,
Clothing,Steschner,Juanita,Eeko Chic,,,,,,,,,
Clothing,Vaughn,Kat,Mindzai Creative LLC,mindzai.net,,,,,,,,
Clothing,Walker,Jasmine,J. Pearl Couture,kinglola.com,,,,,,,,
Clothing,Warner,Patrick,A Little Caper,,,,,,,,,
Clothing,Zapata,Maryelin,4M Leather Design,www.4mleatherdesign.etsy.com,,,,,,,,
Consumables,Ali,Kellie Anisa,Anisa's Secrets,www.anisassecretsspices.com/,,,,,,,,
Consumables,Ballew,Chris,Our Daily Bread,www.ourdailybakery.com,,,,,,,,
Consumables,Borum,Teesha (Tee),Reciprocitee,http://www.reciprocitee.com/,,,,,,,,
Consumables,Clemmer,Katy,Sleek Soap/Amy Pieroni Designs,www.sleeksoap.etsy.com,,,,,,,,
Consumables,Crum,Mike & Kim,Smack Yo Mama BBQ Sauce,smackyomama.com,,,,,,,,
Consumables,Daniels,Alan,Serenisea,www.SereniSeaSalts.com,,,,,,,,
Consumables,Diedricks,Melissa,Softer Than Brittle LLC,http://www.softerthanbrittle.com/,,,,,,,,
Consumables,Douglass,Peggy,Honeysuckle Soap,www.honeysucklesoap.com,,,,,,,,
Consumables,Gale,Mitchel,"Brandles, LLC",www.candlesbybrandles.com,,,,,,,,
Consumables,Gonzalez,Olivia,Truly Radiant,www.youareradiant.com,,,,,,,,
Consumables,Hall,Bonnie,Petals and Treats,,,,,,,,,
Consumables,Hungarland,Debbie,Doux South Specialties,www.douxsouth.com,,,,,,,,
Consumables,Hurlbutt,Sandy,"Country Junction Soaps, Inc.",www.countryjunctionsoaps.com,,,,,,,,
Consumables,Jenkins,Tom & Janet,TJ Crafters,www.tjcrafters.com,,,,,,,,
Consumables,McLaughlin,Merrily,Merrilily Gardens,www.merrililygardens.com,,,,,,,,
Consumables,Morgan,Jon,Pure Bliss Organics,www.pureblissorganics.com,,,,,,,,
Consumables,Oakley,Kasey,Pike Road BBQ Co.,thatsauce.com,,,,,,,,
Consumables,Senft,Kathy,One Screw Loose,www.onescrewloose.com,,,,,,,,
Consumables,Sennerbogen,Emilie,Mama Bath & Body,www.loveyourmama.com,,,,,,,,
Consumables,Sexton-Powell,Lorrie,Sherry's Gourmet Dips,www.sherrysdips.com,,,,,,,,
Consumables,Sheffield,Suzi,Beautiful Briny Sea,www.beautifulbrinysea.com,,,,,,,,
Consumables,Shelton,Brandi,just add honey tea company,www.justaddhoney.net,,,,,,,,
Consumables,Sileno,Matt,Duchamp's Beard Co.,http://www.duchampsbeardco.com/,,,,,,,,
Consumables,Tibbetts,Jessica,Small Batch Garden,www.smallbatchgarden.com,,,,,,,,
Consumables,Wade,Melanie,Gold Kombucha,goldakombucha.com,,,,,,,,
Consumables,Zakkee,Jeanette,Grammy's Kidz Natural Bath,www.grammyskidz.com,,,,,,,,
Decorative,Autrey,Glen,Serenity Candles,,,,,,,,,
Decorative,Barber,Robin & Richard,Nostalgia Plaques,www.nostalgiaplaques.com,,,,,,,,
Decorative,Claudia,Nastasa,EZ Cody's Creations Candles,,,,,,,,,
Decorative,Culver,Randy,Randy's Collectables,,,,,,,,,
Decorative,Dayvault,Lee,Go Jump in The Lake,www.gojumpinthelake.net,,,,,,,,
Decorative,Estrada,Matt,Churp Modern Birdhomes,churpmodern.etsy.com,,,,,,,,
Decorative,Fong,Alex,,,,,,,,,,
Decorative,Hafid,Jean,JeanJava,jeanjava.com,,,,,,,,
Decorative,Hall,Ric,Roadside Recyclers,,,,,,,,,
Decorative,Lawson,Pete,Relative Artists,http://relativeartists.com/,,,,,,,,
Decorative,Melancon,Sarah Sctt,Third Half Studios,www.thirdhalfstudios.com,,,,,,,,
Decorative,Moore,Melissa,Strike a Match,strikeamatch.us,,,,,,,,
Decorative,Patel,Mona,MDC (Mona Does Concrete),www.etsy.com/shop/MDCinteriors,,,,,,,,
Decorative,Ruhl,Juliet,Quite a Pair Keepsakes,www.quiteapairkeepsakes.com,,,,,,,,
Decorative,Smith,Deidra,Blue Frog Imports,www.bluefrogimports.biz,,,,,,,,
Decorative,Squire,Anja,Klinker Closet,www.klinkercloset.com,,,,,,,,
Decorative,Wilson,Dave,Piedmont Home & Gift,piedmontstyle.com,,,,,,,,
Decorative,Yeomans,Kellye,Going Green Lanterns,goinggreenlanterns.com,,,,,,,,
Fiber,Allison,Amy,Eagles Nest Outfitters,www.enonation.com,,,,,,,,
Fiber,Barakoti,Sushma,Sunav World LLC/Johari Africa,www.johariafrica.com,,,,,,,,
Fiber,Brawley,Deborah,The Unbroken Circle,www.ubcircle.com,,,,,,,,
Fiber,Calle,Claudia,,,,,,,,,,
Fiber,Coan,Shari,Sassy Frass,www.sweetsassyfrassa.com,,,,,,,,
Fiber,Dillingham,Karen,,www.facebook.com/WestwindTieDye,,,,,,,,
Fiber,Fairo,Evija,100% Cool EFI Designs,www.etsy.com/shop/100percentcool,,,,,,,,
Fiber,Franklin,Emily,Handbags by EM,,,,,,,,,
Fiber,Hahn,Jennifer Schindler,French Silver LLC,www.frenchsilvershop.com,,,,,,,,
Fiber,Henze,Brooke,Swell Forever,www.swellforever.com,,,,,,,,
Fiber,Jones,Tamara,Keepers Bagatelles,www.keepers-bags.com,,,,,,,,
Fiber,Luke,Jennifer,C'ville Corner,www.cvillecorner.etsy.com,,,,,,,,
Fiber,Morgan,Donna,Starlight n Fireflies,http://www.etsy.com/shop/starlightnfireflies,,,,,,,,
Fiber,Parrish,Amy,Un Air de Provence Inc DBA Bon Marche LLC,www.bonmarcheonline.com,,,,,,,,
Fiber,Rice,Florence,Seagrass Baskets,,,,,,,,,
Fiber,Sorrow,Steve,String Theory Rug & Textile,stringtheoryhome.com,,,,,,,,
Furniture,Cumberland,CJ,Outdoor Republic,www.outdoorrepublic.com,,,,,,,,
Furniture,Hartley,Tracy,,www.tracyhartley.blogspot.com,,,,,,,,
Furniture,Knight,Michael,Kaboodle Home,www.facebook.com/kaboodleHome,,,,,,,,
Furniture,Lesiewicz,Pete & Peggy,Country Americana Antiques,,,,,,,,,
Furniture,Scialabba,Michael,Scialabba Construction and Renovation,,,,,,,,,
Furniture,Silverstein,Stephen,Urban Cottage,,,,,,,,,
Furniture,Simon,Jim,The Woodstock Woodshop,www.thewoodstockwoodshop.com,,,,,,,,
Furniture,Sinquefield,David,D&B Enterprises,www.chairsrus.net,,,,,,,,
Garden,Badame,Richard,Jordan's Outdoor Fun,www.swingsforgrownups.com,,,,,,,,
Garden,Badame,Richard,Jordan's Outdoor Fun,,,,,,,,,
Garden,Heard,Peggy,Cactus Creations,,,,,,,,,
Garden,Hrycuna,Jo Anna & Gerry,The Lazy Scroll,www.thelazyscroll.com,,,,,,,,
Garden,Jones,Algie,Algie's Vintage Birdhouses,,,,,,,,,
Glass,Biberdorf,Brenda,Brenda's Fused Glass,www.brendasfusedglass.com,,,,,,,,
Glass,Knopp,Katie,Katie Did It!,katiediditglass.etsy.com,,,,,,,,
Jewelry,Adams,Corinne,C Glass,cglassjewelry.com,,,,,,,,
Jewelry,Babay,Kristen,You Nique Jewelry,,,,,,,,,
Jewelry,Baruch,Felise,Visually Vintage,,,,,,,,,
Jewelry,Benson-Slaughter,Julia,Copper Dancer Designs,www.copperdancerdesigns.com,,,,,,,,
Jewelry,Black,Gloria,Accessories & Things,,,,,,,,,
Jewelry,Brown,Marsha,Marsha! Marsha! Marsha!,www.marshamarshajewelry.com,,,,,,,,
Jewelry,Cain,David,Dave Cain Handcrafted Jewelry,www.davecain.com,,,,,,,,
Jewelry,Carter,Tiffany,Tiffany Christine Jewelry,www.tiffanychristine.com,,,,,,,,
Jewelry,Casterline,Jennifer,New World Glass,www.newworldglass.com,,,,,,,,
Jewelry,Columb,Rachel,Bonedance Jewelry Design,http://www.bonedancejewelry.com/,,,,,,,,
Jewelry,Edge,Mark,Mark Edge Jewelry Co.,www.markedge.com,,,,,,,,
Jewelry,Espinoza,Cindy,Zafiro Jewelry,www.zafirojewelry.com,,,,,,,,
Jewelry,Ferro,Mimi,Mimi Ferro Designs,mimiferro.com,,,,,,,,
Jewelry,Garrett,Judi,The Gliding Goat,,,,,,,,,
Jewelry,Gilreath,Bruce,Silver Expressions,,,,,,,,,
Jewelry,Gresens,Amy,element47,www.element47designs.com,,,,,,,,
Jewelry,Henry,Dylan,Copper Relics,,,,,,,,,
Jewelry,Houston,Rita,Rocks Pebbles Stones,rockspebblesstones.com,,,,,,,,
Jewelry,Howell,Chris,CV Designs,cvdesignsjewelry.com,,,,,,,,
Jewelry,Hughes,Fran,This is it!!,,,,,,,,,
Jewelry,Iglesias,Carlos,Earlusion,www.facebook.com/earlusion/,,,,,,,,
Jewelry,Isea,Carolina,Isea Designs,www.iseadesigns.etsy.com,,,,,,,,
Jewelry,Janis,Kim,The Beaded Dragonfly,,,,,,,,,
Jewelry,Lacy,Brett,The Shed Studios,www.etsy.com/shop/theshedstudios,,,,,,,,
Jewelry,LaValley,Nancy,Crystal Dreams,,,,,,,,,
Jewelry,Leff,Amy,Throwing Stars Jewelry,www.throwingstarsjewelry.com,,,,,,,,
Jewelry,Lommer,Lynn,,,,,,,,,,
Jewelry,Loomer,Kelcey,Seed & Sky,www.seedandsky.etsy.com,,,,,,,,
Jewelry,Miles,Dayna,Dayne Miles Fine Artisan Jewelry,www.daynamiles.etsy.com,,,,,,,,
Jewelry,Plate,Kathleen,Smart Glass Jewelry,www.smartglassjewelry.com,,,,,,,,
Jewelry,Richardson,Carl,Liquid Circle Designs,www.liquidcircle.net,,,,,,,,
Jewelry,Sandlin,Caroline,Caroline Sandlin Jewelry,www.carolinesandlin.etsy.com,,,,,,,,
Jewelry,Sapp,Talia Serinese,Talia Serinese Designs,www.taliaserinesedesigns.com,,,,,,,,
Jewelry,Shin,June,June Shin LLC,www.juneshin.com,,,,,,,,
Jewelry,Smith,Katherine,Katherine Smith Jewelry,www.the-beehive.myshopify.com/ksmithjewelry,,,,,,,,
Jewelry,Stephenson,Robert,Bee Loyal Forever,bee-loyal.com,,,,,,,,
Jewelry,Stickles,Valerie,Penguin Arts,www.penguinartsjewelry.com,,,,,,,,
Jewelry,Studstill,Hazel,HJ Designs,www.hjdesigns.com,,,,,,,,
Jewelry,Timmins,Jennifer,Perfect Fit Toe Rings,,,,,,,,,
Jewelry,Weil,Courtney,Crafts and Love,www.craftsandlove.com,,,,,,,,
Jewelry,Wood,Hannah,Black Black Moon,blackblackmoon.carbonmade.com,,,,,,,,
Leather,Avila,Alejandra,Alejandra Avila,www.alejitass.tumblr.com,,,,,,,,
Leather,Bennett,Branson,Branson's Designs,,,,,,,,,
Leather,Chappell,Tommy,Tom Kat Originals,www.tomkatoriginals.weebly.com,,,,,,,,
Leather,Councilman,Meg,Margaret Vera,margaretvera.com,,,,,,,,
Leather,Hall,Liana,Maycomb Mercantile,maycombmercantile.com,,,,,,,,
Metalcraft,Barreneche,Juan F,Mistura Timepieces,www.mistura.com,,,,,,,,
Metalcraft,Berbey,Tarik,Four Corners of the World,,,,,,,,,
Metalcraft,Bishop,Lauren,Baizaar,www.facebook.com/Baizaarshop,,,,,,,,
Metalcraft,Blackmore,Laurie Clark,Full Circle Trade,www.fullcircletrade.com,,,,,,,,
Metalcraft,Brighton,Gene,,,,,,,,,,
Metalcraft,Bruns,Stan & Nancy,Fire Raine Studio,www.fireraine.etsy.com,,,,,,,,
Metalcraft,Bucciero,Kim,UtopiTrade,utopitrade.com,,,,,,,,
Metalcraft,Carlson,Jay,Clue Town,cluebooks.com,,,,,,,,
Metalcraft,Cupstid,Salli,Sal Gal Designs,,,,,,,,,
Metalcraft,Davis,Malene,Iram-Inal Designs,www.iidesigns.com,,,,,,,,
Metalcraft,Day,Anne K,Gift N'Green,www.giftngreen.com,,,,,,,,
Metalcraft,Edenfield,Kay,Miss Kay Art,www.misskayart.com,,,,,,,,
Metalcraft,Hirsch,Kerri,Unleash the Goddess,www.etsy.com/shop/unleashthegoddess,,,,,,,,
Metalcraft,Hursit,Kemal,Ark Imports,,,,,,,,,
Metalcraft,Jackson,Michael & Ginger,Barnesville Bear Inc,,,,,,,,,
Metalcraft,King,Jennifer,Queen Bee Boutique,www.facebook.com/qbboutique,,,,,,,,
Metalcraft,Laguardia,Maria,Faces Unlimited,,,,,,,,,
Metalcraft,Levey,Larry,Dark Ages,,,,,,,,,
Metalcraft,Markardt,Terry,Wiseco,www.wisegadgets.com,,,,,,,,
Metalcraft,McDevitt,Mark,Methane Studios Inc.,www.methanestudios.com,,,,,,,,
Metalcraft,Mellen,Sook,Artistic Touch Home Accents,,,,,,,,,
Metalcraft,Nickelson,Melinda,,,,,,,,,,
Metalcraft,Olaya,Dean,Block & Hammer,blockandhammer.etsy.com,,,,,,,,
Metalcraft,Oleski,Jackie,Jackie O Designs,,,,,,,,,
Metalcraft,Patterson,Charles,Cahaba Valley Iron Works,,,,,,,,,
Metalcraft,Phillips,Beth,Old Fort Studios,www.oldfortstudios.com,,,,,,,,
Metalcraft,Powell,Aaron,Earth and Sky Creations,,,,,,,,,
Metalcraft,Powell,Linda,Big Skinny Wallets,www.bigskinny.net,,,,,,,,
Metalcraft,Ramsey,Kristen,Sign Me Up Signs,www.etsy.com/shop/SignMeUpSigns,,,,,,,,
Metalcraft,Rhoton,Rob,CR Stuff,,,,,,,,,
Metalcraft,Saabye,Noel,Clown Pirate Productions LLC.,noelsaabye.com,,,,,,,,
Metalcraft,Schleicher,Ashlee & John Eric,J & A Wares,www.jandawares.etsy.com,,,,,,,,
Metalcraft,Self,David & Cindy,Self Originals,,,,,,,,,
Metalcraft,Shull,Kelly & Joe,jellokoe,www.jellykoe.com,,,,,,,,
Metalcraft,Stivers,Andy,S&S Fire Pits,www.ssfirepits.com,,,,,,,,
Metalcraft,Tillman,Linda & Ken,Tee Pees from Rattlesnake Crossing,,,,,,,,,
Metalcraft,Wallington,Frances,Figuera Tree,http://www.figueratree.com/,,,,,,,,
Metalcraft,Woofter,Alisa,Alternatives Global Marketplace,http://alternativesglobalmarketplace.com/,,,,,,,,
Metalcraft,Zajlo,Harry,Tropical by Design,,,,,,,,,
Mixed Media,DeRose,Leslie,Off the Map,www.offthemapart.etsy.com,,,,,,,,
Mixed Media,Dobson,Johnnie & Penny,,www.pennydobson.etsy.com,,,,,,,,
Mixed Media,Floyd,Tammi,"Folk, Funk & Whimsy",,,,,,,,,
Mixed Media,Garcia,Della,It Element LLC,,,,,,,,,
Mixed Media,Hoff,Ken & Michele,The Tin Man,www.thetinmanart.com,,,,,,,,
Mixed Media,Kiro,Jamie,Art Tales,www.jamiekiro.com,,,,,,,,
Mixed Media,Mason,Chris,,www.chrismasonphoto.com,,,,,,,,
Mixed Media,Scott,Rebecca,Paper Bones,https://www.etsy.com/shop/PaperBonesAtl,,,,,,,,
Mixed Media,Small,Ken,Home Fields Inc,www.homefields.com,,,,,,,,
Mixed Media,Taylor,Kathleen,Kathleen Taylor Studio,kathleentaylorstudio.com,,,,,,,,
Mixed Media,Townsend,Jeremy,Jert,http://www.jert.co/,,,,,,,,
Mixed Media,Wasson,Sadie,The Urban Thumb and Sumer Time Wishes,www.facebook.com/theurbanthumb,,,,,,,,
Mixed Media,Wellem,Laura,,www.laurawellem.com,,,,,,,,
Mixed Media,Wilson,Candy,Keepsake Memories,http://wordmats.vpweb.com/,,,,,,,,
Painting,Boyd,Tim,,www.tmboydart.com,,,,,,,,
Painting,Busch,Joseph,Job Art,www.josephbusch.com,,,,,,,,
Painting,Cherep,Sergey,SR Cherep Art Studio,www.sergeycherep.com,,,,,,,,
Painting,Denier,Mike,Mike Denier Art,www.mikedenierart.com,,,,,,,,
Painting,Hornsby,Jay,The Belligerent Monkey,www.belligerentmonkey.com,,,,,,,,
Painting,Lingerfelt,Manami,Manami Art,www.manamiart.com,,,,,,,,
Painting,Munns,Shijun,Shijun Art,www.shijunart.com,,,,,,,,
Painting,Rodenberger,Robert,Jazzy Artz,www.jazzyartz.com,,,,,,,,
Painting,Warren,Eric & Michelle,Warren Illustration and DeadPan Days,"www.ericwarren.prosite.com, etsy.com/shop/deadpandays",,,,,,,,
Painting,Zhang,Jim,Jim's Studio,www.jimsstudio2000.com,,,,,,,,
Pet stuff,Aversano,Krista,Taj Ma Hound,www.tajmahound.com,,,,,,,,
Pet stuff,Ford,Marguerite,Dogly Dog  /  Ragg Dog Duds,doglydog.com/raggdogduds.com,,,,,,,,
Pet stuff,Fulcher,Monica,"A Hot Dog on a Leash, LLC",www.ahotdogonaleash.com,,,,,,,,
Pet stuff,Koch,Melissa,Shore Dog,www.shoredog.com,,,,,,,,
Pet stuff,Schultz,Hope,Schmoozies,www.myschmoozies.com,,,,,,,,
Pet stuff,Wyman,Christine,Doggie Bags,,,,,,,,,
Photography,Simmons,Rob,Rob Simmons Photography,www.rhsfoto.com,,,,,,,,
Photography,Teague,Cati,Cati Teague Photography,www.catiteague.com,,,,,,,,
Pottery,Benn,Brian,Peace by Piece Fair Trade,www.PeaceFairTrade.com,,,,,,,,
Pottery,Fincannon,Karen,Art Works by Karen Fincannon,www.karenfincannon.com,,,,,,,,
Pottery,Fink,Thomas,Thom O'Fink Pottery,thomofink.com,,,,,,,,
Pottery,Fulford,Tami,Handmade Studio,www.tamifulford.com,,,,,,,,
Pottery,Hanes,Chuck,Beauty & Beast Art,http://beautyandbeastart.com,,,,,,,,
Pottery,Horton,Nancy,Back Porch Pottery,www.backporchpottery.com,,,,,,,,
Pottery,Lawall,Bruce & Susan,,,,,,,,,,
Pottery,McClure,Tommy,Caveman Pottery,www.cavemanpottery.etsy.com,,,,,,,,
Pottery,Roberson,Amy,Amy Roberson Designs,www.amyrobersondesigns.com,,,,,,,,
Pottery,Sasaki,Masayuki,,masasasakiceramics.com,,,,,,,,
Pottery,Schloss,Pat & Maureen,Schloss Pottery,,,,,,,,,
Pottery,Smith,Robin Bird,Merrylegs Farm Pottery,,,,,,,,,
Pottery,Spangler,Erin Kay,EKS Pottery,www.ekspottery.com,,,,,,,,
Woodcraft,Castaneda,Kevin,Fento,http://fentoeyewear.tumblr.com/,,,,,,,,
Woodcraft,Chambers,Tom,Branching Out,www.branchingoutart.weebly.com,,,,,,,,
Woodcraft,Douthit,Debbie,Rustic Stuff of the South,www.rusticstuffofthesouth.com,,,,,,,,
Woodcraft,Downs,Koby & Jenn,Carpenter Koby Downs,carpenterkobydowns.com,,,,,,,,
Woodcraft,Hammock,Mike,Hammock & Finch,www.hammockandfinch.com,,,,,,,,
Woodcraft,Horton,Greg,BarnBeautiful Inc,www.barnbeautiful.com,,,,,,,,
Woodcraft,Howard,Jerome,Howard's Furniture,www.myfarmtable.com,,,,,,,,
Woodcraft,Jones,Hal,Wooden It Be Lovely,,,,,,,,,
Woodcraft,Meier,Hans,Hans Wooden Puzzles,www.hanspuzzles.com,,,,,,,,
Woodcraft,Puckett,Don,SND Designs,www.snddesigns.net,,,,,,,,
Woodcraft,Robinson,Tommy & Maidlene,Natalie Grace Home,www.nghd.net,,,,,,,,
Woodcraft,Schretter,Michelle,The Sand Art Cart,www.thesandartcart.com,,,,,,,,
Woodcraft,Taylor,Margaret,Dryads Dancing,www.dryadsdancing.com,,,,,,,,
Woodcraft,Williams,Carissa,Our Salvaged Life,www.oursalvagedlife.com,,,,,,,,
